Brand_names,Display_tech,Prices,sound,os,screen_size,Manufacture,Warenty
Foxsky,LED,"₹11,499",30,Android TV,43,2023,1
Samsung,LED,"₹12,990",20,Tizen TV,32,2025,2
LG,LED,"₹13,990",10,WebOS TV,32,2025,Warranty
Coocaa,LED,"₹7,299",30,Coolita TV,32,2025,1
Foxsky,QLED,"₹24,999",30,Google TV,55,2024,1
Foxsky,QLED,"₹15,699",30,Google TV,43,2024,1
Thomson,QLED,"₹7,999",36,Linux TV,32,2025,1
XIAOMI,LED,"₹11,499",20,Fire TV,32,2025,1
realme,QLED,"₹9,499",26,Google TV,32,2025,1
XIAOMI,LED,"₹11,900",20,Google TV,32,2025,1
Samsung,LED,"₹26,490",20,Tizen TV,43,2025,2
Hisense,QLED,"₹17,999",30,Google TV,43,2025,1
iFFALCON,LED,"₹16,999",24,Google TV,43,2025,1
Samsung,LED,"₹21,990",20,Tizen TV,43,2025,2
Foxsky,LED,"₹6,999",30,Android TV,32,2023,1
TCL,QLED,"₹23,990",24,Google TV,43,2025,2
Foxsky,LED,"₹24,499",30,Android TV,55,2023,1
Samsung,LED,"₹37,990",20,Tizen TV,55,2025,2
Samsung,LED,"₹25,490",20,Tizen TV,43,2025,2
BESTON,LED,"₹6,999",20,Android TV,32,2025,2
Blaupunkt,QLED,"₹25,499",50,Google TV,50,2025,1
Blaupunkt,QLED,"₹17,499",40,OS TV,43,2025,1
MOTOROLA,QLED,"₹9,999",40,Google TV,32,2025,1
XIAOMI,LED,"₹19,999",20,Google TV,43,2025,1
TCL,QLED,"₹32,990",24,Google TV,55,2025,2
realme,QLED,"₹27,999",40,Google TV,55,2025,1
iFFALCON,LED,"₹23,999",24,Google TV,55,2025,1
realme,QLED,"₹38,699",40,Google TV,65,2025,1
Thomson,QLED,"₹6,299",24,Linux TV,24,2025,1
Thomson,LED,"₹5,799",20,Linux TV,24,2023,1
XIAOMI,QLED,"₹32,999",34,Fire TV,55,2025,1
LG,LED,"₹39,990",20,AI TV,55,2025,Warranty
XIAOMI,QLED,"₹24,999",30,Fire TV,43,2025,1
realme,QLED,"₹25,999",40,Google TV,50,2025,1
TCL,QLED,"₹12,490",24,Google TV,32,2025,1
XIAOMI,QLED,"₹12,999",20,Google TV,32,2025,1
Infinix,LED,"₹7,999",16,Linux TV,32,2024,1
Thomson,LED,"₹13,999",40,Linux TV,43,2023,1
XIAOMI,QLED,"₹39,999",34,Google TV,55,2025,Enjoy
Foxsky,LED,"₹11,499",30,Android TV,43,2023,1
PHILIPS,QLED,"₹32,999",30,Google TV,55,2025,1
realme,QLED,"₹21,999",40,Google TV,43,2025,12
MOTOROLA,QLED,"₹21,499",48,Google TV,43,2025,12
Samsung,LED,"₹17,999",20,Tizen TV,43,2023,1
MOTOROLA,QLED,"₹29,499",48,Google TV,55,2025,12
LG,LED,"₹27,990",20,WebOS TV,43,2023,1
XIAOMI,QLED,"₹14,999",20,Google TV,32,2025,Enjoy
Acer,QLED,"₹15,499",20,Google TV,40,2025,1
Coocaa,LED,"₹17,999",20,Coolita TV,50,2025,1
Infinix,QLED,"₹8,499",20,Google TV,32,2025,1
Foxsky,LED,"₹11,499",30,Android TV,43,2023,1
Samsung,LED,"₹12,990",20,Tizen TV,32,2025,2
Acer,LED,"₹13,999",30,Google TV,40,2024,1
Samsung,LED,"₹35,990",20,Tizen TV,50,2025,2
Thomson,LED,"₹15,499",30,Android TV,43,2023,1
SONY,LED,"₹38,490",20,Google TV,43,2025,1
Foxsky,QLED,"₹24,999",30,Google TV,55,2024,1
Foxsky,QLED,"₹15,699",30,Google TV,43,2024,1
realme,LED,"₹19,399",40,Google TV,43,2025,12
KODAK,QLED,"₹6,299",24,Linux TV,24,2025,1
Samsung,LED,"₹26,490",20,Tizen TV,43,2025,2
Hisense,QLED,"₹17,999",30,Google TV,43,2025,1
KODAK,LED,"₹7,499",30,Linux TV,32,2024,1
MarQ,LED,"₹12,749",24,Coolita TV,43,2023,12
XIAOMI,QLED,"₹28,999",30,Google TV,43,2025,Enjoy
TCL,Mini LED,"₹43,990",40,Google TV,55,2025,2
Samsung,LED,"₹21,990",20,Tizen TV,43,2025,2
Foxsky,LED,"₹24,499",30,Android TV,55,2023,1
Samsung,LED,"₹36,990",20,Tizen TV,50,2025,2
LG,LED,"₹15,490",20,WebOS TV,32,2025,Warranty
Samsung,LED,"₹37,990",20,Tizen TV,55,2025,2
Blaupunkt,QLED,"₹25,499",50,Google TV,50,2025,1
MOTOROLA,QLED,"₹40,999",48,Google TV,65,2025,12
LG,LED,"₹36,590",20,AI TV,50,2025,Warranty
XIAOMI,LED,"₹34,999",34,Google TV,55,2025,Enjoy
BESTON,LED,"₹11,999",20,Android TV,43,2025,2
Foxsky,LED,"₹11,499",30,Android TV,43,2023,1
Samsung,LED,"₹12,990",20,Tizen TV,32,2025,2
PHILIPS,LED,"₹10,999",24,Google TV,32,2025,1
Reliance,LED,"₹6,979",20,Android TV,24,2025,1
Foxsky,QLED,"₹24,999",30,Google TV,55,2024,1
Foxsky,QLED,"₹15,699",30,Google TV,43,2024,1
Foxsky,QLED,"₹8,499",30,Google TV,32,2024,1
MOTOROLA,QLED,"₹17,099",40,Google TV,43,2025,12
Thomson,QLED,"₹25,499",40,Google TV,55,2022,1
Thomson,QLED,"₹24,999",48,Google TV,50,2025,1
Samsung,LED,"₹26,490",20,Tizen TV,43,2025,2
Hisense,QLED,"₹17,999",30,Google TV,43,2025,1
BESTON,LED,"₹10,999",20,Android TV,40,2025,2
MOTOROLA,LED,"₹26,999",20,Google TV,55,2023,12
Samsung,LED,"₹21,990",20,Tizen TV,43,2025,2
Foxsky,LED,"₹24,499",30,Android TV,55,2023,1
acerpure,QLED,"₹28,999",50,Hz GTV,55,2025,1
Foxsky,LED,"₹11,499",30,Android TV,40,2023,1
TCL,Mini LED,"₹67,990",40,Google TV,65,2025,2
acerpure,QLED,"₹40,999",50,Hz GTV,65,2025,1
Samsung,LED,"₹12,990",20,Tizen TV,32,2025,2
Foxsky,LED,"₹11,499",30,Android TV,43,2023,1
Thomson,QLED,"₹22,999",40,Google TV,50,2022,1
InnoQ,LED,"₹5,990",30,Android TV,24,2024,1
Foxsky,QLED,"₹24,999",30,Google TV,55,2024,1
Foxsky,QLED,"₹15,699",30,Google TV,43,2024,1
PHILIPS,QLED,"₹22,999",30,Google TV,43,2025,1
Coocaa,LED,"₹14,199",20,Google TV,43,2024,1
Infinix,QLED,"₹16,999",40,Google TV,43,2024,1
realme,QLED,"₹27,999",40,Google TV,55,2024,12
Samsung,LED,"₹26,490",20,Tizen TV,43,2025,2
Hisense,QLED,"₹17,999",30,Google TV,43,2025,1
skylive,LED,"₹13,349",20,Based TV,43,2024,12
realme,QLED,"₹29,499",40,Google TV,55,2025,12
Samsung,LED,"₹21,990",20,Tizen TV,43,2025,2
Foxsky,LED,"₹24,499",30,Android TV,55,2023,1
SONY,LED,"₹57,990",20,Google TV,55,2025,1
TCL,QLED,"₹25,990",24,Google TV,50,2025,1
Thomson,LED,"₹9,499",30,Android TV,32,2023,1
Uniboom,LED,"₹7,590",30,Android TV,32,2025,1
Samsung,LED,"₹37,990",20,Tizen TV,55,2025,2
Samsung,LED,"₹25,490",20,Tizen TV,43,2025,2
Blaupunkt,QLED,"₹25,499",50,Google TV,50,2025,1
XIAOMI,LED,"₹31,999",30,Fire TV,55,2025,1
Samsung,LED,"₹12,990",20,Tizen TV,32,2025,2
Foxsky,LED,"₹11,499",30,Android TV,43,2023,1
Thomson,LED,"₹13,999",40,Linux TV,43,2023,1
Infinix,QLED,"₹15,299",40,Google TV,43,2024,1
SONY,LED,"₹66,990",20,Google TV,65,2024,1
SONY,LED,"₹77,990",20,Google TV,65,2025,1
Foxsky,QLED,"₹24,999",30,Google TV,55,2024,1
Foxsky,QLED,"₹15,699",30,Google TV,43,2024,1
SONY,LED,"₹1,12,990",20,Google TV,75,2025,1
Acer,LED,"₹17,999",30,Google TV,43,2024,1
Samsung,LED,"₹26,490",20,Tizen TV,43,2025,2
Hisense,QLED,"₹17,999",30,Google TV,43,2025,1
Acer,QLED,"₹30,999",80,Google TV,50,2024,1
TCL,QLED,"₹50,990",35,Google TV,65,2025,2
LG,LED,"₹39,990",20,AI TV,55,2025,Warranty
realme,QLED,"₹38,699",40,Google TV,65,2025,12
Samsung,LED,"₹21,990",20,Tizen TV,43,2025,2
Foxsky,LED,"₹24,499",30,Android TV,55,2023,1
TCL,QLED,"₹57,490",35,Google TV,65,2025,2
Thomson,QLED,"₹35,999",40,Google TV,65,2022,1
Samsung,LED,"₹37,990",20,Tizen TV,55,2025,2
Samsung,LED,"₹25,490",20,Tizen TV,43,2025,2
TCL,QLED,"₹35,990",35,Google TV,55,2025,2
Coocaa,LED,"₹17,999",20,Coolita TV,50,2025,1
Thomson,QLED,"₹19,999",50,Google TV,43,2025,1
Thomson,QLED,"₹25,499",40,Google TV,55,2022,1
Samsung,LED,"₹12,990",20,Tizen TV,32,2025,2
Foxsky,LED,"₹11,499",30,Android TV,43,2023,1
InnoQ,LED,"₹11,490",30,Android TV,40,2024,1
TCL,LED,"₹27,990",24,Google TV,55,2024,2
Foxsky,QLED,"₹24,999",30,Google TV,55,2024,1
Foxsky,QLED,"₹15,699",30,Google TV,43,2024,1
Acer,QLED,"₹11,999",30,Google TV,32,2024,1
realme,QLED,"₹9,499",40,Google TV,32,2025,12
TOSHIBA,LED,"₹11,499",20,VIDAA TV,32,2025,1
iFFALCON,LED,"₹37,999",24,Google TV,65,2025,1
Samsung,LED,"₹26,490",20,Tizen TV,43,2025,2
Hisense,QLED,"₹17,999",30,Google TV,43,2025,1
PHILIPS,QLED,"₹43,999",30,Google TV,65,2025,1
XIAOMI,LED,"₹24,999",30,Google TV,43,2025,Enjoy
Samsung,LED,"₹21,990",20,Tizen TV,43,2025,2
Foxsky,LED,"₹24,499",30,Android TV,55,2023,1
realme,QLED,"₹27,999",40,Google TV,55,2024,12
Samsung,LED,"₹32,999",20,Tizen TV,55,2024,2
Blaupunkt,QLED,"₹17,499",40,OS TV,43,2025,1
InnoQ,LED,"₹5,990",30,Android TV,24,2024,1
Samsung,LED,"₹37,990",20,Tizen TV,55,2025,2
Samsung,LED,"₹25,490",20,Tizen TV,43,2025,2
TCL,Mini LED,"₹67,990",40,Google TV,65,2025,2
KODAK,QLED,"₹31,999",70,Google TV,55,2025,1
Foxsky,LED,"₹11,499",30,Android TV,43,2023,1
Samsung,LED,"₹12,990",20,Tizen TV,32,2025,2
Haier,QLED,"₹43,490",30,Google TV,55,2025,1
Acer,LED,"₹15,999",30,Google TV,43,2025,1
Acer,QLED,"₹29,999",24,Google TV,55,2025,1
Acer,QLED,"₹24,999",36,Google TV,50,2025,1
Foxsky,QLED,"₹24,999",30,Google TV,55,2024,1
Foxsky,QLED,"₹15,699",30,Google TV,43,2024,1
TCL,QLED,"₹73,990",35,Google TV,75,2025,2
PHILIPS,QLED,"₹32,999",30,Google TV,55,2025,1
Samsung,LED,"₹26,490",20,Tizen TV,43,2025,2
Hisense,QLED,"₹17,999",30,Google TV,43,2025,1
LG,LED,"₹27,990",20,WebOS TV,43,2023,1
Uniboom,LED,"₹7,590",30,Android TV,32,2025,1
TCL,QLED,"₹1,29,990",40,Google TV,85,2025,2
TCL,QLED,"₹49,999",24,Google TV,65,2025,2
Samsung,LED,"₹21,990",20,Tizen TV,43,2025,2
Foxsky,LED,"₹24,499",30,Android TV,55,2023,1
Blaupunkt,QLED,"₹37,799",60,Google TV,65,2022,1
KODAK,LED,"₹13,499",30,Linux TV,43,2024,1
Samsung,LED,"₹37,990",20,Tizen TV,55,2025,2
Blaupunkt,QLED,"₹25,499",50,Google TV,50,2025,1
acerpure,QLED,"₹20,999",30,Hz GTV,43,2025,1
TCL,Mini LED,"₹43,990",40,Google TV,55,2025,2
Samsung,LED,"₹26,990",20,Tizen TV,43,2024,2
TCL,Mini LED,"₹92,990",40,Google TV,75,2025,2
Foxsky,LED,"₹11,499",30,Android TV,43,2023,1
Samsung,LED,"₹12,990",20,Tizen TV,32,2025,2
Infinix,LED,"₹8,999",40,Google TV,32,2024,1
XIAOMI,QLED,"₹28,999",30,Google TV,43,2025,Enjoy
Foxsky,QLED,"₹24,999",30,Google TV,55,2024,1
Foxsky,QLED,"₹15,699",30,Google TV,43,2024,1
Acer,QLED,"₹28,999",36,Google TV,55,2025,1
KODAK,LED,"₹5,999",20,Linux TV,24,2024,1
KODAK,QLED,"₹37,999",40,Google TV,65,2022,1
Panasonic,LED,"₹32,150",20,Android TV,50,2025,1
Samsung,LED,"₹26,490",20,Tizen TV,43,2025,2
Hisense,QLED,"₹17,999",30,Google TV,43,2025,1
Infinix,QLED,"₹9,499",16,WebOS TV,32,2025,1
Hisense,QLED,"₹28,999",48,VIDAA TV,50,2025,1
Samsung,LED,"₹21,990",20,Tizen TV,43,2025,2
Foxsky,LED,"₹24,499",30,Android TV,55,2023,1
XIAOMI,LED,"₹34,999",34,Google TV,55,2025,Enjoy
TCL,QLED,"₹64,990",35,Google TV,75,2024,2
Acer,LED,"₹11,999",30,Google TV,32,2024,1
LG,LED,"₹59,990",20,AI TV,65,2025,Warranty
Foxsky,LED,"₹11,499",30,Android TV,43,2023,1
Samsung,LED,"₹12,990",20,Tizen TV,32,2025,2
Coocaa,QLED,"₹9,499",20,Google TV,32,2025,1
Coocaa,QLED,"₹18,799",40,Google TV,43,2024,1
Foxsky,QLED,"₹24,999",30,Google TV,55,2024,1
Foxsky,QLED,"₹15,699",30,Google TV,43,2024,1
KODAK,LED,"₹15,499",30,Android TV,43,2023,1
MOTOROLA,Mini LED,"₹34,999",20,Google TV,55,2024,12
TOSHIBA,LED,"₹22,125",30,Google TV,43,2025,1
REDMI,LED,"₹11,999",20,Fire TV,32,2024,1
Samsung,LED,"₹26,490",20,Tizen TV,43,2025,2
Hisense,QLED,"₹17,999",30,Google TV,43,2025,1
TCL,QLED,"₹34,990",35,Google TV,55,2024,2
Vu,QLED,"₹42,990",24,Google TV,65,2025,1
Samsung,LED,"₹21,990",20,Tizen TV,43,2025,2
Foxsky,LED,"₹24,499",30,Android TV,55,2023,1
realme,QLED,"₹26,699",30,Google TV,50,2024,12
BESTON,LED,"₹10,999",20,Android TV,40,2025,2
Mi,LED,"₹12,999",20,Android TV,32,2022,1
Samsung,LED,"₹37,990",20,Tizen TV,50,2024,2
Samsung,LED,"₹37,990",20,Tizen TV,55,2025,2
Blaupunkt,QLED,"₹25,499",50,Google TV,50,2025,1
TCL,QLED,"₹64,990",30,Google TV,75,2025,2
Blaupunkt,QLED,"₹21,999",48,OS TV,50,2025,1
Foxsky,LED,"₹11,499",30,Android TV,43,2023,1
Samsung,LED,"₹12,990",20,Tizen TV,32,2025,2
Kenstar,LED,"₹16,999",24,Tizen TV,43,2025,1
KODAK,QLED,"₹18,439",40,Google TV,43,2024,1
BESTON,QLED,"₹8,700",30,Google TV,32,2025,2
Samsung,LED,"₹57,990",20,Tizen TV,65,2025,2
Foxsky,QLED,"₹24,999",30,Google TV,55,2024,1
Foxsky,QLED,"₹15,699",30,Google TV,43,2024,1
XIAOMI,LED,"₹29,999",30,Google TV,50,2025,Enjoy
Samsung,QLED,"₹33,990",20,Tizen TV,43,2025,2
Samsung,LED,"₹26,490",20,Tizen TV,43,2025,2
Hisense,QLED,"₹17,999",30,Google TV,43,2025,1
LG,LED,"₹36,590",20,AI TV,50,2025,Warranty
Acer,LED,"₹9,999",30,Google TV,32,2025,1
XIAOMI,LED,"₹33,999",30,Google TV,55,2024,Enjoy
KODAK,LED,"₹9,499",30,Android TV,32,2023,1
Samsung,LED,"₹21,990",20,Tizen TV,43,2025,2
Foxsky,LED,"₹24,499",30,Android TV,55,2023,1
Hisense,LED,"₹41,999",24,Google TV,65,2024,1
TCL,Mini LED,"₹41,990",40,Google TV,55,2025,2
Samsung,LED,"₹37,990",20,Tizen TV,55,2025,2
Blaupunkt,QLED,"₹25,499",50,Google TV,50,2025,1
Samsung,LED,"₹37,990",20,Tizen TV,50,2024,2
SONY,LED,"₹32,990",20,Google TV,43,2023,1
Hisense,LED,"₹15,430",20,VIDAA TV,40,2025,1
TCL,Mini LED,"₹1,69,990",60,Google TV,75,2025,2
Foxsky,LED,"₹11,499",30,Android TV,43,2023,1
Samsung,LED,"₹12,990",20,Tizen TV,32,2025,2
Haier,LED,"₹24,990",20,Google TV,43,2025,1
realme,QLED,"₹19,799",40,Google TV,43,2024,12
Foxsky,QLED,"₹24,999",30,Google TV,55,2024,1
Foxsky,QLED,"₹15,699",30,Google TV,43,2024,1
Vu,LED,"₹22,199",24,Google TV,43,2024,1
Infinix,LED,"₹8,999",16,Linux TV,32,2024,1
Blaupunkt,QLED,"₹17,499",50,Google TV,43,2023,1
realme,QLED,"₹26,699",30,Google TV,50,2024,12
Samsung,LED,"₹26,490",20,Tizen TV,43,2025,2
Hisense,QLED,"₹17,999",30,Google TV,43,2025,1
XIAOMI,LED,"₹12,999",20,Android TV,32,2019,1
TCL,QLED,"₹25,990",30,Google TV,43,2025,2
Samsung,LED,"₹21,990",20,Tizen TV,43,2025,2
Foxsky,LED,"₹24,499",30,Android TV,55,2023,1
TOSHIBA,QLED,"₹1,28,999",36,Google TV,85,2024,2
TCL,QLED,"₹67,999",35,Google TV,75,2025,2
TOSHIBA,QLED,"₹34,200",49,Google TV,55,2022,2
Samsung,LED,"₹58,990",20,Tizen TV,65,2024,2
Samsung,LED,"₹37,990",20,Tizen TV,55,2025,2
Blaupunkt,QLED,"₹25,499",50,Google TV,50,2025,1
KODAK,QLED,"₹26,499",40,Google TV,55,2022,1
SONY,LED,"₹36,860",20,Google TV,43,2024,1
Foxsky,LED,"₹11,499",30,Android TV,43,2023,1
Samsung,LED,"₹12,990",20,Tizen TV,32,2025,2
Acer,LED,"₹18,999",30,Google TV,43,2025,1
ONIDA,LED,"₹27,647",24,Google TV,55,2023,1
Acer,QLED,"₹23,999",30,Google TV,43,2025,1
Blaupunkt,LED,"₹6,299",24,Linux TV,24,2025,1
Foxsky,QLED,"₹24,999",30,Google TV,55,2024,1
Foxsky,QLED,"₹15,699",30,Google TV,43,2024,1
Acer,LED,"₹23,999",36,Google TV,50,2024,1
KODAK,QLED,"₹64,999",70,Google TV,75,2025,1
Samsung,LED,"₹26,490",20,Tizen TV,43,2025,2
Hisense,QLED,"₹17,999",30,Google TV,43,2025,1
TCL,Mini LED,"₹72,990",60,Google TV,55,2025,2
Hisense,QLED,"₹25,499",24,Google TV,43,2023,2
TCL,QLED,"₹25,490",30,Google TV,43,2024,2
Blaupunkt,QLED,"₹32,999",80,Google TV,55,2025,1
Samsung,LED,"₹21,990",20,Tizen TV,43,2025,2
Foxsky,LED,"₹24,499",30,Android TV,55,2023,1
Vu,LED,"₹27,699",24,Google TV,50,2024,1
TOSHIBA,QLED,"₹45,999",24,VIDAA TV,65,2024,1
Samsung,LED,"₹37,990",20,Tizen TV,55,2025,2
Blaupunkt,QLED,"₹25,499",50,Google TV,50,2025,1
KODAK,QLED,"₹43,999",70,Google TV,65,2025,1
Blaupunkt,QLED,"₹27,599",60,Google TV,55,2022,1
TCL,Mini LED,"₹62,990",40,Google TV,65,2025,2
Acer,QLED,"₹77,999",60,Google TV,65,2024,1
Foxsky,LED,"₹11,499",30,Android TV,43,2023,1
Samsung,LED,"₹12,990",20,Tizen TV,32,2025,2
acerpure,LED,"₹29,499",24,Swift TV,2024,2024,1
SONY,LED,"₹2,46,990",20,Google TV,85,2024,1
Foxsky,QLED,"₹24,999",30,Google TV,55,2024,1
Foxsky,QLED,"₹15,699",30,Google TV,43,2024,1
Daiwa,LED,"₹7,999",20,Linux TV,32,2024,1
LG,QNED,"₹96,990",20,AI TV,65,2025,Warranty
KODAK,LED,"₹13,499",30,Android TV,40,2024,1
Coocaa,LED,"₹22,999",30,Google TV,55,2024,1
Samsung,LED,"₹26,490",20,Tizen TV,43,2025,2
Hisense,QLED,"₹17,999",30,Google TV,43,2025,1
iFFALCON,LED,"₹32,499",24,Google TV,55,2025,1
OnePlus,LED,"₹9,989",20,Android TV,32,2020,1
Samsung,LED,"₹21,990",20,Tizen TV,43,2025,2
Foxsky,LED,"₹24,499",30,Android TV,55,2023,1
Samsung,LED,"₹36,990",20,Tizen TV,50,2025,2
Thomson,QLED,"₹43,999",70,Google TV,65,2025,1
iFFALCON,LED,"₹25,999",24,Google TV,55,2024,1
Acer,LED,"₹27,999",36,Google TV,55,2025,1
Foxsky,LED,"₹11,499",30,Android TV,43,2023,1
Samsung,LED,"₹12,990",20,Tizen TV,32,2025,2
SONY,LED,"₹93,490",20,Google TV,65,2024,1
TOSHIBA,QLED,"₹64,999",49,Google TV,65,2022,2
Foxsky,QLED,"₹24,999",30,Google TV,55,2024,1
Foxsky,QLED,"₹15,699",30,Google TV,43,2024,1
Hisense,QLED,"₹22,999",14,VIDAA TV,43,2025,1
LG,LED,"₹39,990",20,WebOS TV,55,2023,1
iFFALCON,LED,"₹43,499",24,Google TV,65,2025,1
Infinix,QLED,"₹32,999",36,Android TV,55,2022,1
Samsung,LED,"₹26,490",20,Tizen TV,43,2025,2
Hisense,QLED,"₹17,999",30,Google TV,43,2025,1
Hisense,QLED,"₹38,700",24,VIDAA TV,55,2022,2
TCL,Mini LED,"₹1,39,990",60,Google TV,75,2025,2
Samsung,LED,"₹21,990",20,Tizen TV,43,2025,2
Foxsky,LED,"₹24,499",30,Android TV,55,2023,1
Hisense,Mini LED,"₹49,999",49,VIDAA TV,55,2025,2
BESTON,LED,"₹7,200",24,Coolita TV,32,2025,2
Blaupunkt,Mini LED,"₹89,999",108,Google TV,75,2025,1
MOTOROLA,Mini LED,"₹36,499",20,Google TV,50,2024,12
Samsung,LED,"₹37,990",20,Tizen TV,55,2025,2
Blaupunkt,QLED,"₹25,499",50,Google TV,50,2025,1
Hisense,QLED,"₹33,999",48,VIDAA TV,55,2025,1
TOSHIBA,QLED,"₹32,999",24,VIDAA TV,55,2025,1
Samsung,LED,"₹12,990",20,Tizen TV,32,2025,2
Foxsky,LED,"₹11,499",30,Android TV,43,2023,1
TCL,LED,"₹63,990",30,Google TV,75,2025,2
Thomson,Mini LED,"₹57,999",108,Google TV,65,2025,1
MOTOROLA,QLED,"₹9,999",20,Google TV,32,2025,12
TCL,QLED,"₹38,990",35,Google TV,55,2025,2
Foxsky,QLED,"₹24,999",30,Google TV,55,2024,1
Foxsky,QLED,"₹15,699",30,Google TV,43,2024,1
TCL,QLED,"₹19,190",24,Google TV,43,2025,2
Hisense,QLED,"₹66,699",24,Fire TV,65,2022,2
Samsung,LED,"₹26,490",20,Tizen TV,43,2025,2
Hisense,QLED,"₹17,999",30,Google TV,43,2025,1
Vu,LED,"₹39,700",20,Smart TV,55,2015,1
Samsung,LED,"₹10,989",20,SMART TV,32,2020,2
LG,LED,"₹36,775",20,WebOS TV,43,2022,1
Hisense,LED,"₹31,999",24,Google TV,55,2023,2
Samsung,LED,"₹21,990",20,Tizen TV,43,2025,2
Foxsky,LED,"₹24,499",30,Android TV,55,2023,1
XIAOMI,LED,"₹22,999",30,Google TV,43,2023,1
XElectron,LED,"₹16,999",24,Android TV,43,2022,2
Samsung,LED,"₹37,990",20,Tizen TV,55,2025,2
Samsung,LED,"₹25,490",20,Tizen TV,43,2025,2
Sansui,QLED,"₹36,866",30,Google TV,55,2022,1
Metz,QLED,"₹23,990",30,Google TV,43,2025,2
Acer,LED,"₹18,999",30,Google TV,43,2024,1
Lloyd,LED,"₹11,999",20,Android TV,32,2021,1
Foxsky,LED,"₹11,499",30,Android TV,43,2023,1
Samsung,LED,"₹12,990",20,Tizen TV,32,2025,2
Hisense,QLED,"₹24,999",48,VIDAA TV,43,2025,1
Samsung,LED,"₹64,499",20,Tizen TV,65,2023,1
Foxsky,QLED,"₹24,999",30,Google TV,55,2024,1
Foxsky,QLED,"₹15,699",30,Google TV,43,2024,1
ONIDA,QLED,"₹32,256",20,Google TV,50,2024,1
XIAOMI,LED,"₹13,049",20,Google TV,32,2023,1
Hisense,QLED,"₹30,999",24,VIDAA TV,55,2023,2
TCL,QLED,"₹89,990",20,Google TV,65,2025,2
Samsung,LED,"₹26,490",20,Tizen TV,43,2025,2
Hisense,QLED,"₹17,999",30,Google TV,43,2025,1
VOIR,QLED,"₹8,499",24,QLED TV,32,2025,1
Acer,LED,"₹11,499",24,Google TV,32,2024,2
Samsung,LED,"₹21,990",20,Tizen TV,43,2025,2
Foxsky,LED,"₹24,499",30,Android TV,55,2023,1
BPL,LED,"₹10,999",20,WebOS TV,32,2025,2
Blaupunkt,Mini LED,"₹58,999",108,Google TV,65,2025,1
Panasonic,LED,"₹41,490",20,Google TV,55,2023,1
Blaupunkt,QLED,"₹22,999",60,Google TV,50,2022,1
Samsung,LED,"₹37,990",20,Tizen TV,55,2025,2
Blaupunkt,QLED,"₹25,499",50,Google TV,50,2025,1
acerpure,QLED,"₹40,999",50,Hz GTV,65,2025,1
OnePlus,QLED,"₹29,990",50,Android TV,55,2019,1
Foxsky,LED,"₹11,499",30,Android TV,43,2023,1
Samsung,LED,"₹12,990",20,Tizen TV,32,2025,2
SONY,LED,"₹1,32,990",20,Google TV,75,2024,1
Coocaa,LED,"₹42,399",30,Google TV,65,2022,1
Vu,LED,"₹10,699",20,Premium TV,32,2022,1
Mi,LED,"₹38,067",16,Android TV,55,2018,1
Foxsky,QLED,"₹24,999",30,Google TV,55,2024,1
Foxsky,QLED,"₹15,699",30,Google TV,43,2024,1
ONIDA,QLED,"₹27,002",20,Google TV,43,2024,1
SONY,LED,"₹81,174",20,Google TV,65,2024,1
Samsung,LED,"₹26,490",20,Tizen TV,43,2025,2
Hisense,QLED,"₹17,999",30,Google TV,43,2025,1
HUIDI,LED,"₹11,799",20,Based TV,43,2024,1
Coocaa,LED,"₹37,999",30,Google TV,65,2025,1
skylive,LED,"₹11,255",20,Based TV,40,2024,12
acerpure,QLED,"₹41,999",24,Google TV,65,2024,1
Samsung,LED,"₹21,990",20,Tizen TV,43,2025,2
Foxsky,LED,"₹24,499",30,Android TV,55,2023,1
Hisense,QLED,"₹49,999",24,Google TV,65,2023,2
XIAOMI,LED,"₹15,999",20,Android TV,32,2020,1
Samsung,LED,"₹37,990",20,Tizen TV,55,2025,2
Blaupunkt,QLED,"₹25,499",50,Google TV,50,2025,1
Daiwa,QLED,"₹39,052",24,WebOS TV,65,2024,1
Reliance,LED,"₹12,697",24,WebOS TV,32,2025,1
TCL,Mini LED,"₹1,39,990",60,Google TV,75,2025,2
TOSHIBA,QLED,"₹54,999",24,VIDAA TV,65,2025,2
Samsung,LED,"₹12,990",20,Tizen TV,32,2025,2
Foxsky,LED,"₹11,499",30,Android TV,43,2023,1
acerpure,QLED,"₹20,299",20,Google TV,43,2024,1
SONY,LED,"₹60,059",20,Google TV,55,2024,1
Foxsky,QLED,"₹24,999",30,Google TV,55,2024,1
Foxsky,QLED,"₹15,699",30,Google TV,43,2024,1
Hisense,Mini LED,"₹2,69,997",61,VIDAA TV,100,2025,2
TCL,QLED,"₹24,700",30,Google TV,43,2023,2
SONY,LED,"₹70,730",20,Google TV,50,2024,1
TCL,LED,"₹9,490",16,Android TV,32,2024,1
Samsung,LED,"₹26,490",20,Tizen TV,43,2025,2
Hisense,QLED,"₹17,999",30,Google TV,43,2025,1
Thomson,LED,"₹22,099",40,Google TV,50,2023,1
Coocaa,LED,"₹37,999",30,Google TV,65,2025,1
Samsung,LED,"₹21,990",20,Tizen TV,43,2025,2
Foxsky,LED,"₹24,499",30,Android TV,55,2023,1
BPL,LED,"₹13,990",32,Google TV,32,2023,2
acerpure,QLED,"₹41,999",24,Google TV,65,2024,1
Blaupunkt,QLED,"₹64,499",60,Google TV,75,2023,1
LG,OLED,"₹1,69,990",20,AI TV,65,2024,Warranty
Foxsky,LED,"₹11,499",30,Android TV,43,2023,1
Samsung,LED,"₹12,990",20,Tizen TV,32,2025,2
skylive,LED,"₹13,349",20,Based TV,43,2024,12
Samsung,LED,"₹29,292",20,Tizen TV,65,2024,2
Foxsky,QLED,"₹24,999",30,Google TV,55,2024,1
Foxsky,QLED,"₹15,699",30,Google TV,43,2024,1
Samsung,LED,"₹33,599",20,Tizen TV,43,2024,2
Reliance,LED,"₹11,979",24,Google TV,32,2025,1
Hisense,QLED,"₹27,999",20,VIDAA TV,50,2025,1
REDMI,LED,"₹13,888",20,Fire TV,32,2024,1
Samsung,LED,"₹26,490",20,Tizen TV,43,2025,2
Hisense,QLED,"₹17,999",30,Google TV,43,2025,1
Infinix,QLED,"₹36,999",48,Google TV,65,2025,1
XIAOMI,LED,"₹32,250",30,Android TV,50,2022,1
Samsung,LED,"₹21,990",20,Tizen TV,43,2025,2
Foxsky,LED,"₹24,499",30,Android TV,55,2023,1
Samsung,LED,"₹30,338",20,Tizen TV,65,2024,2
Coocaa,LED,"₹27,999",30,Google TV,55,2025,1
Hisense,QLED,"₹21,199",24,VIDAA TV,43,2023,2
Nokia,QLED,"₹35,100",60,Android TV,55,2021,12
Samsung,LED,"₹37,990",20,Tizen TV,55,2025,2
Blaupunkt,QLED,"₹25,499",50,Google TV,50,2025,1
SONY,OLED,"₹1,65,900",50,Google TV,65,2023,1
Acer,LED,"₹48,499",30,Google TV,65,2024,2
